{"cameraMode":{"drawMode":0,"name":"Shaded","section":"Shading Mode"},"sceneLighting":false,"audioPlay":false,"sceneViewState":{"m_AlwaysRefresh":false,"showFog":true,"showSkybox":true,"showFlares":true,"showImageEffects":true,"showParticleSystems":true,"showVisualEffectGraphs":true,"m_FxEnabled":true},"in2DMode":false,"pivot":{"x":284.0894470214844,"y":7.072169780731201,"z":123.96118927001953},"rotation":{"x":-0.030119644477963449,"y":-0.6564862132072449,"z":0.003074366832152009,"w":0.7551938891410828},"size":13.289460182189942,"orthographic":false}