{"cameraMode":{"drawMode":0,"name":"Shaded","section":"Shading Mode"},"sceneLighting":false,"audioPlay":false,"sceneViewState":{"m_AlwaysRefresh":false,"showFog":true,"showSkybox":true,"showFlares":true,"showImageEffects":true,"showParticleSystems":true,"showVisualEffectGraphs":true,"m_FxEnabled":true},"in2DMode":false,"pivot":{"x":494.6649169921875,"y":12.879515647888184,"z":159.42111206054688},"rotation":{"x":-0.04222220554947853,"y":-0.9810044169425964,"z":0.03858841955661774,"w":0.18663214147090913},"size":98.63861846923828,"orthographic":false}