{"cameraMode":{"drawMode":0,"name":"Shaded","section":"Shading Mode"},"sceneLighting":false,"audioPlay":false,"sceneViewState":{"m_AlwaysRefresh":false,"showFog":true,"showSkybox":true,"showFlares":true,"showImageEffects":true,"showParticleSystems":true,"showVisualEffectGraphs":true,"m_FxEnabled":true},"in2DMode":false,"pivot":{"x":409.3363037109375,"y":5.737551689147949,"z":121.06502532958985},"rotation":{"x":-0.005016493611037731,"y":0.6679741740226746,"z":0.015682179480791093,"w":0.7457330226898193},"size":10.449999809265137,"orthographic":false}