{"cameraMode":{"drawMode":0,"name":"Shaded","section":"Shading Mode"},"sceneLighting":false,"audioPlay":false,"sceneViewState":{"m_AlwaysRefresh":false,"showFog":true,"showSkybox":true,"showFlares":true,"showImageEffects":true,"showParticleSystems":true,"showVisualEffectGraphs":true,"m_FxEnabled":true},"in2DMode":false,"pivot":{"x":799.0044555664063,"y":17.875308990478517,"z":31.52581214904785},"rotation":{"x":0.001622060197405517,"y":0.7301391959190369,"z":0.024933021515607835,"w":0.6859399080276489},"size":105.3139877319336,"orthographic":false}