{"cameraMode":{"drawMode":0,"name":"Shaded","section":"Shading Mode"},"sceneLighting":false,"audioPlay":false,"sceneViewState":{"m_AlwaysRefresh":false,"showFog":true,"showSkybox":true,"showFlares":true,"showImageEffects":true,"showParticleSystems":true,"showVisualEffectGraphs":true,"m_FxEnabled":true},"in2DMode":false,"pivot":{"x":97.01326751708985,"y":1.7268868684768677,"z":-146.5773468017578},"rotation":{"x":-0.006247732788324356,"y":-0.10479972511529923,"z":0.0009120493195950985,"w":-0.994589626789093},"size":36.68255615234375,"orthographic":false}