{"cameraMode":{"drawMode":0,"name":"Shaded","section":"Shading Mode"},"sceneLighting":false,"audioPlay":false,"sceneViewState":{"m_AlwaysRefresh":false,"showFog":true,"showSkybox":true,"showFlares":true,"showImageEffects":true,"showParticleSystems":true,"showVisualEffectGraphs":true,"m_FxEnabled":true},"in2DMode":false,"pivot":{"x":-0.9690561294555664,"y":-0.12444210052490235,"z":1.5940427780151368},"rotation":{"x":0.26674988865852358,"y":-0.612035870552063,"z":0.23057450354099275,"w":0.7079936861991882},"size":6.242353916168213,"orthographic":false}