{"cameraMode":{"drawMode":0,"name":"Shaded","section":"Shading Mode"},"sceneLighting":false,"audioPlay":false,"sceneViewState":{"m_AlwaysRefresh":false,"showFog":true,"showSkybox":true,"showFlares":true,"showImageEffects":true,"showParticleSystems":true,"showVisualEffectGraphs":true,"m_FxEnabled":true},"in2DMode":false,"pivot":{"x":418.2706298828125,"y":-2.9423604011535646,"z":104.96012115478516},"rotation":{"x":0.04734760895371437,"y":0.7281280159950256,"z":-0.05054309591650963,"w":0.6819651126861572},"size":29.181262969970704,"orthographic":false}