{"cameraMode":{"drawMode":0,"name":"Shaded","section":"Shading Mode"},"sceneLighting":false,"audioPlay":false,"sceneViewState":{"m_AlwaysRefresh":false,"showFog":true,"showSkybox":true,"showFlares":true,"showImageEffects":true,"showParticleSystems":true,"showVisualEffectGraphs":true,"m_FxEnabled":true},"in2DMode":false,"pivot":{"x":445.4811706542969,"y":-11.726240158081055,"z":167.85076904296876},"rotation":{"x":0.08729741722345352,"y":0.41733142733573916,"z":-0.040351107716560367,"w":0.9037673473358154},"size":46.68967819213867,"orthographic":false}