{"cameraMode":{"drawMode":0,"name":"Shaded","section":"Shading Mode"},"sceneLighting":false,"audioPlay":false,"sceneViewState":{"m_AlwaysRefresh":false,"showFog":true,"showSkybox":true,"showFlares":true,"showImageEffects":true,"showParticleSystems":true,"showVisualEffectGraphs":true,"m_FxEnabled":true},"in2DMode":false,"pivot":{"x":77.45610046386719,"y":-12.008301734924317,"z":107.65614318847656},"rotation":{"x":0.08942701667547226,"y":-0.13201263546943665,"z":0.011778147891163826,"w":0.9872913360595703},"size":38.2231559753418,"orthographic":false}