{"cameraMode":{"drawMode":0,"name":"Shaded","section":"Shading Mode"},"sceneLighting":false,"audioPlay":false,"sceneViewState":{"m_AlwaysRefresh":false,"showFog":true,"showSkybox":true,"showFlares":true,"showImageEffects":true,"showParticleSystems":true,"showVisualEffectGraphs":true,"m_FxEnabled":true},"in2DMode":false,"pivot":{"x":387.8076477050781,"y":-102.58507537841797,"z":-266.50433349609377},"rotation":{"x":0.04712466895580292,"y":0.9204214215278626,"z":-0.11845330893993378,"w":0.37002578377723696},"size":219.82342529296876,"orthographic":false}