{"cameraMode":{"drawMode":0,"name":"Shaded","section":"Shading Mode"},"sceneLighting":false,"audioPlay":false,"sceneViewState":{"m_AlwaysRefresh":false,"showFog":true,"showSkybox":true,"showFlares":true,"showImageEffects":true,"showParticleSystems":true,"showVisualEffectGraphs":true,"m_FxEnabled":true},"in2DMode":false,"pivot":{"x":352.3876953125,"y":5.825375556945801,"z":137.05551147460938},"rotation":{"x":0.009147021919488907,"y":0.5504573583602905,"z":0.0037188581191003324,"w":-0.8354353904724121},"size":3.1522412300109865,"orthographic":false}