{"cameraMode":{"drawMode":0,"name":"Shaded","section":"Shading Mode"},"sceneLighting":false,"audioPlay":false,"sceneViewState":{"m_AlwaysRefresh":false,"showFog":true,"showSkybox":true,"showFlares":true,"showImageEffects":true,"showParticleSystems":true,"showVisualEffectGraphs":true,"m_FxEnabled":true},"in2DMode":false,"pivot":{"x":97.74626159667969,"y":1.0983151197433472,"z":111.0634765625},"rotation":{"x":-0.034787118434906009,"y":-0.02546360157430172,"z":0.0011966077145189047,"w":-0.9992038607597351},"size":24.173139572143556,"orthographic":false}