{"cameraMode":{"drawMode":0,"name":"Shaded","section":"Shading Mode"},"sceneLighting":false,"audioPlay":false,"sceneViewState":{"m_AlwaysRefresh":false,"showFog":true,"showSkybox":true,"showFlares":true,"showImageEffects":true,"showParticleSystems":true,"showVisualEffectGraphs":true,"m_FxEnabled":true},"in2DMode":false,"pivot":{"x":508.36846923828127,"y":13.777444839477539,"z":94.3116226196289},"rotation":{"x":-0.007441962603479624,"y":-0.29520174860954287,"z":0.0022902251221239568,"w":-0.9554288387298584},"size":9.97974967956543,"orthographic":false}