{"cameraMode":{"drawMode":0,"name":"Shaded","section":"Shading Mode"},"sceneLighting":false,"audioPlay":false,"sceneViewState":{"m_AlwaysRefresh":false,"showFog":true,"showSkybox":true,"showFlares":true,"showImageEffects":true,"showParticleSystems":true,"showVisualEffectGraphs":true,"m_FxEnabled":true},"in2DMode":false,"pivot":{"x":-2.202385902404785,"y":7.142278671264648,"z":34.44685363769531},"rotation":{"x":-0.0018019865965470672,"y":0.0755295604467392,"z":-0.0001630093320272863,"w":-0.9971760511398315},"size":26.601476669311525,"orthographic":false}