{"cameraMode":{"drawMode":0,"name":"Shaded","section":"Shading Mode"},"sceneLighting":false,"audioPlay":false,"sceneViewState":{"m_AlwaysRefresh":false,"showFog":true,"showSkybox":false,"showFlares":true,"showImageEffects":true,"showParticleSystems":true,"showVisualEffectGraphs":true,"m_FxEnabled":true},"in2DMode":false,"pivot":{"x":314.39581298828127,"y":-1.801524043083191,"z":140.32400512695313},"rotation":{"x":-0.019120028242468835,"y":0.9438547492027283,"z":-0.0979195311665535,"w":-0.31759268045425417},"size":1.9509285688400269,"orthographic":false}